sensor_id;sensor_type;location;lat;lon;timestamp;temperature;humidity
45535;DHT22;31426;48.798;9.698;2020-05-06T00:00:28;21.20;49.50
45535;DHT22;31426;48.798;9.698;2020-05-06T00:02:55;21.20;49.60
45535;DHT22;31426;48.798;9.698;2020-05-06T00:05:21;21.20;49.60
45535;DHT22;31426;48.798;9.698;2020-05-06T00:07:46;21.20;49.70
45535;DHT22;31426;48.798;9.698;2020-05-06T00:10:14;21.20;49.70
45535;DHT22;31426;48.798;9.698;2020-05-06T00:12:40;21.10;49.70
45535;DHT22;31426;48.798;9.698;2020-05-06T00:15:16;21.20;49.70
45535;DHT22;31426;48.798;9.698;2020-05-06T00:17:42;21.20;49.60
45535;DHT22;31426;48.798;9.698;2020-05-06T00:20:08;21.20;49.70
45535;DHT22;31426;48.798;9.698;2020-05-06T00:22:33;21.20;49.70
45535;DHT22;31426;48.798;9.698;2020-05-06T00:24:59;21.20;49.70
45535;DHT22;31426;48.798;9.698;2020-05-06T00:27:25;21.20;49.70
45535;DHT22;31426;48.798;9.698;2020-05-06T00:29:50;21.20;49.70
45535;DHT22;31426;48.798;9.698;2020-05-06T00:32:16;21.20;49.80
45535;DHT22;31426;48.798;9.698;2020-05-06T00:34:41;21.20;49.80
45535;DHT22;31426;48.798;9.698;2020-05-06T00:37:07;21.20;49.80
45535;DHT22;31426;48.798;9.698;2020-05-06T00:39:33;21.20;49.80
45535;DHT22;31426;48.798;9.698;2020-05-06T00:41:58;21.20;49.80
45535;DHT22;31426;48.798;9.698;2020-05-06T00:44:24;21.20;49.90
45535;DHT22;31426;48.798;9.698;2020-05-06T00:46:49;21.20;49.90
45535;DHT22;31426;48.798;9.698;2020-05-06T00:49:15;21.20;49.90
45535;DHT22;31426;48.798;9.698;2020-05-06T00:51:41;21.20;49.90
45535;DHT22;31426;48.798;9.698;2020-05-06T00:54:06;21.20;50.00
45535;DHT22;31426;48.798;9.698;2020-05-06T00:56:32;21.20;50.00
45535;DHT22;31426;48.798;9.698;2020-05-06T00:58:57;21.20;50.10
45535;DHT22;31426;48.798;9.698;2020-05-06T01:01:23;21.20;50.10
45535;DHT22;31426;48.798;9.698;2020-05-06T01:03:49;21.20;50.10
45535;DHT22;31426;48.798;9.698;2020-05-06T01:06:14;21.20;50.10
45535;DHT22;31426;48.798;9.698;2020-05-06T01:08:40;21.20;50.10
45535;DHT22;31426;48.798;9.698;2020-05-06T01:11:06;21.20;51.00
45535;DHT22;31426;48.798;9.698;2020-05-06T01:13:31;21.20;50.20
45535;DHT22;31426;48.798;9.698;2020-05-06T01:15:59;21.20;50.30
45535;DHT22;31426;48.798;9.698;2020-05-06T01:18:27;21.20;50.30
45535;DHT22;31426;48.798;9.698;2020-05-06T01:21:05;21.20;50.20
45535;DHT22;31426;48.798;9.698;2020-05-06T01:23:41;21.20;50.30
45535;DHT22;31426;48.798;9.698;2020-05-06T01:26:14;21.20;50.30
45535;DHT22;31426;48.798;9.698;2020-05-06T01:28:46;21.20;50.30
45535;DHT22;31426;48.798;9.698;2020-05-06T01:31:19;21.20;50.30
45535;DHT22;31426;48.798;9.698;2020-05-06T01:33:48;21.20;50.40
45535;DHT22;31426;48.798;9.698;2020-05-06T01:36:42;21.20;50.30
45535;DHT22;31426;48.798;9.698;2020-05-06T01:39:20;21.20;50.40
45535;DHT22;31426;48.798;9.698;2020-05-06T01:47:21;21.10;50.50
45535;DHT22;31426;48.798;9.698;2020-05-06T01:49:47;21.20;50.60
45535;DHT22;31426;48.798;9.698;2020-05-06T01:52:23;21.20;50.60
45535;DHT22;31426;48.798;9.698;2020-05-06T01:55:20;21.10;50.60
45535;DHT22;31426;48.798;9.698;2020-05-06T01:58:20;21.10;50.60
45535;DHT22;31426;48.798;9.698;2020-05-06T02:01:12;21.10;50.60
45535;DHT22;31426;48.798;9.698;2020-05-06T02:03:49;21.20;50.80
45535;DHT22;31426;48.798;9.698;2020-05-06T02:06:35;21.20;50.80
45535;DHT22;31426;48.798;9.698;2020-05-06T02:09:08;21.10;50.80
45535;DHT22;31426;48.798;9.698;2020-05-06T02:11:46;21.20;50.90
45535;DHT22;31426;48.798;9.698;2020-05-06T02:14:17;21.10;50.80
45535;DHT22;31426;48.798;9.698;2020-05-06T02:17:03;21.10;51.00
45535;DHT22;31426;48.798;9.698;2020-05-06T02:19:31;21.10;51.00
45535;DHT22;31426;48.798;9.698;2020-05-06T02:21:58;21.10;51.00
45535;DHT22;31426;48.798;9.698;2020-05-06T02:24:25;21.10;51.10
45535;DHT22;31426;48.798;9.698;2020-05-06T02:26:51;21.10;51.10
45535;DHT22;31426;48.798;9.698;2020-05-06T02:29:17;21.10;51.10
45535;DHT22;31426;48.798;9.698;2020-05-06T02:31:42;21.10;51.20
45535;DHT22;31426;48.798;9.698;2020-05-06T02:34:08;21.10;51.30
45535;DHT22;31426;48.798;9.698;2020-05-06T02:36:33;21.10;51.30
45535;DHT22;31426;48.798;9.698;2020-05-06T02:38:59;21.10;51.30
45535;DHT22;31426;48.798;9.698;2020-05-06T02:41:26;21.10;51.30
45535;DHT22;31426;48.798;9.698;2020-05-06T02:43:52;21.10;51.30
45535;DHT22;31426;48.798;9.698;2020-05-06T02:46:35;21.10;51.40
45535;DHT22;31426;48.798;9.698;2020-05-06T02:49:05;21.10;51.30
45535;DHT22;31426;48.798;9.698;2020-05-06T02:51:30;21.10;51.30
45535;DHT22;31426;48.798;9.698;2020-05-06T02:53:56;21.10;51.30
45535;DHT22;31426;48.798;9.698;2020-05-06T02:56:22;21.10;51.30
45535;DHT22;31426;48.798;9.698;2020-05-06T02:58:47;21.10;51.30
45535;DHT22;31426;48.798;9.698;2020-05-06T03:01:13;21.10;51.40
45535;DHT22;31426;48.798;9.698;2020-05-06T03:03:39;21.10;51.30
45535;DHT22;31426;48.798;9.698;2020-05-06T03:06:04;21.10;51.30
45535;DHT22;31426;48.798;9.698;2020-05-06T03:08:30;21.10;51.30
45535;DHT22;31426;48.798;9.698;2020-05-06T03:10:55;21.10;51.30
45535;DHT22;31426;48.798;9.698;2020-05-06T03:13:21;21.10;51.30
45535;DHT22;31426;48.798;9.698;2020-05-06T03:15:47;21.10;51.30
45535;DHT22;31426;48.798;9.698;2020-05-06T03:18:12;21.10;51.40
45535;DHT22;31426;48.798;9.698;2020-05-06T03:20:38;21.10;51.40
45535;DHT22;31426;48.798;9.698;2020-05-06T03:23:04;21.10;51.40
45535;DHT22;31426;48.798;9.698;2020-05-06T03:25:29;21.10;51.50
45535;DHT22;31426;48.798;9.698;2020-05-06T03:27:55;21.10;51.50
45535;DHT22;31426;48.798;9.698;2020-05-06T03:30:20;21.10;51.50
45535;DHT22;31426;48.798;9.698;2020-05-06T03:32:46;21.10;51.50
45535;DHT22;31426;48.798;9.698;2020-05-06T03:35:12;21.10;51.50
45535;DHT22;31426;48.798;9.698;2020-05-06T03:37:37;21.10;51.60
45535;DHT22;31426;48.798;9.698;2020-05-06T03:40:03;21.10;51.60
45535;DHT22;31426;48.798;9.698;2020-05-06T03:42:30;21.10;51.60
45535;DHT22;31426;48.798;9.698;2020-05-06T03:44:56;21.10;51.60
45535;DHT22;31426;48.798;9.698;2020-05-06T03:47:22;21.10;51.70
45535;DHT22;31426;48.798;9.698;2020-05-06T03:49:47;21.10;51.70
45535;DHT22;31426;48.798;9.698;2020-05-06T03:52:13;21.10;51.70
45535;DHT22;31426;48.798;9.698;2020-05-06T03:54:38;21.10;51.80
45535;DHT22;31426;48.798;9.698;2020-05-06T03:57:04;21.10;51.80
45535;DHT22;31426;48.798;9.698;2020-05-06T03:59:30;21.10;51.90
45535;DHT22;31426;48.798;9.698;2020-05-06T04:01:55;21.10;51.90
45535;DHT22;31426;48.798;9.698;2020-05-06T04:04:21;21.10;51.90
45535;DHT22;31426;48.798;9.698;2020-05-06T04:06:46;21.10;51.90
45535;DHT22;31426;48.798;9.698;2020-05-06T04:09:16;21.10;51.90
45535;DHT22;31426;48.798;9.698;2020-05-06T04:11:42;21.10;51.90
45535;DHT22;31426;48.798;9.698;2020-05-06T04:14:17;21.10;51.90
45535;DHT22;31426;48.798;9.698;2020-05-06T04:16:43;21.10;52.00
45535;DHT22;31426;48.798;9.698;2020-05-06T04:19:10;21.10;52.00
45535;DHT22;31426;48.798;9.698;2020-05-06T04:21:36;21.10;51.90
45535;DHT22;31426;48.798;9.698;2020-05-06T04:24:05;21.10;52.00
45535;DHT22;31426;48.798;9.698;2020-05-06T04:26:32;21.10;52.00
45535;DHT22;31426;48.798;9.698;2020-05-06T04:28:57;21.10;52.00
45535;DHT22;31426;48.798;9.698;2020-05-06T04:31:23;21.10;52.00
45535;DHT22;31426;48.798;9.698;2020-05-06T04:33:49;21.10;51.90
45535;DHT22;31426;48.798;9.698;2020-05-06T04:36:14;21.10;52.00
45535;DHT22;31426;48.798;9.698;2020-05-06T04:38:40;21.10;52.00
45535;DHT22;31426;48.798;9.698;2020-05-06T04:41:06;21.10;52.10
45535;DHT22;31426;48.798;9.698;2020-05-06T04:43:31;21.10;52.10
45535;DHT22;31426;48.798;9.698;2020-05-06T04:45:57;21.10;52.10
45535;DHT22;31426;48.798;9.698;2020-05-06T04:48:23;21.20;52.10
45535;DHT22;31426;48.798;9.698;2020-05-06T04:50:49;21.20;52.10
45535;DHT22;31426;48.798;9.698;2020-05-06T04:53:14;21.20;52.10
45535;DHT22;31426;48.798;9.698;2020-05-06T04:55:40;21.20;52.10
45535;DHT22;31426;48.798;9.698;2020-05-06T04:58:06;21.20;52.10
45535;DHT22;31426;48.798;9.698;2020-05-06T05:00:31;21.20;52.10
45535;DHT22;31426;48.798;9.698;2020-05-06T05:02:57;21.20;52.10
45535;DHT22;31426;48.798;9.698;2020-05-06T05:05:22;21.20;52.10
45535;DHT22;31426;48.798;9.698;2020-05-06T05:07:48;21.20;52.20
45535;DHT22;31426;48.798;9.698;2020-05-06T05:10:14;21.20;52.20
45535;DHT22;31426;48.798;9.698;2020-05-06T05:12:39;21.20;52.20
45535;DHT22;31426;48.798;9.698;2020-05-06T05:15:05;21.20;52.20
45535;DHT22;31426;48.798;9.698;2020-05-06T05:17:31;21.20;52.20
45535;DHT22;31426;48.798;9.698;2020-05-06T05:19:56;21.20;52.20
45535;DHT22;31426;48.798;9.698;2020-05-06T05:22:22;21.20;52.20
45535;DHT22;31426;48.798;9.698;2020-05-06T05:24:48;21.20;52.20
45535;DHT22;31426;48.798;9.698;2020-05-06T05:27:13;21.20;52.20
45535;DHT22;31426;48.798;9.698;2020-05-06T05:29:39;21.20;52.20
45535;DHT22;31426;48.798;9.698;2020-05-06T05:32:05;21.20;52.20
45535;DHT22;31426;48.798;9.698;2020-05-06T05:34:30;21.10;52.30
45535;DHT22;31426;48.798;9.698;2020-05-06T05:36:56;21.10;52.40
45535;DHT22;31426;48.798;9.698;2020-05-06T05:39:21;21.10;52.60
45535;DHT22;31426;48.798;9.698;2020-05-06T05:41:47;21.10;52.70
45535;DHT22;31426;48.798;9.698;2020-05-06T05:44:13;21.10;52.80
45535;DHT22;31426;48.798;9.698;2020-05-06T05:46:38;21.10;52.80
45535;DHT22;31426;48.798;9.698;2020-05-06T05:49:13;21.20;52.80
45535;DHT22;31426;48.798;9.698;2020-05-06T05:51:39;21.20;52.90
45535;DHT22;31426;48.798;9.698;2020-05-06T05:54:16;21.20;53.00
45535;DHT22;31426;48.798;9.698;2020-05-06T05:56:48;21.20;52.90
45535;DHT22;31426;48.798;9.698;2020-05-06T05:59:14;21.30;53.00
45535;DHT22;31426;48.798;9.698;2020-05-06T06:01:40;21.20;53.00
45535;DHT22;31426;48.798;9.698;2020-05-06T06:04:08;21.30;52.90
45535;DHT22;31426;48.798;9.698;2020-05-06T06:06:34;21.30;52.80
45535;DHT22;31426;48.798;9.698;2020-05-06T06:08:59;21.30;52.90
45535;DHT22;31426;48.798;9.698;2020-05-06T06:11:25;21.30;52.90
45535;DHT22;31426;48.798;9.698;2020-05-06T06:13:51;21.30;53.00
45535;DHT22;31426;48.798;9.698;2020-05-06T06:16:16;21.30;52.90
45535;DHT22;31426;48.798;9.698;2020-05-06T06:18:42;21.30;52.90
45535;DHT22;31426;48.798;9.698;2020-05-06T06:21:08;21.30;52.90
45535;DHT22;31426;48.798;9.698;2020-05-06T06:23:33;21.30;53.10
45535;DHT22;31426;48.798;9.698;2020-05-06T06:25:59;21.30;53.00
45535;DHT22;31426;48.798;9.698;2020-05-06T06:28:24;21.20;52.90
45535;DHT22;31426;48.798;9.698;2020-05-06T06:30:50;21.30;53.00
45535;DHT22;31426;48.798;9.698;2020-05-06T06:33:16;21.30;53.00
45535;DHT22;31426;48.798;9.698;2020-05-06T06:35:41;21.30;53.00
45535;DHT22;31426;48.798;9.698;2020-05-06T06:38:21;21.30;53.20
45535;DHT22;31426;48.798;9.698;2020-05-06T06:40:46;21.40;52.80
45535;DHT22;31426;48.798;9.698;2020-05-06T06:43:12;21.40;53.00
45535;DHT22;31426;48.798;9.698;2020-05-06T06:45:38;21.40;52.80
45535;DHT22;31426;48.798;9.698;2020-05-06T06:48:03;21.40;52.80
45535;DHT22;31426;48.798;9.698;2020-05-06T06:50:29;21.40;52.70
45535;DHT22;31426;48.798;9.698;2020-05-06T06:52:55;21.50;52.80
45535;DHT22;31426;48.798;9.698;2020-05-06T06:55:20;21.40;52.80
45535;DHT22;31426;48.798;9.698;2020-05-06T06:57:46;21.40;52.60
45535;DHT22;31426;48.798;9.698;2020-05-06T07:00:12;21.50;53.00
45535;DHT22;31426;48.798;9.698;2020-05-06T07:02:37;21.50;52.90
45535;DHT22;31426;48.798;9.698;2020-05-06T07:05:03;21.50;52.70
45535;DHT22;31426;48.798;9.698;2020-05-06T07:07:29;21.50;52.90
45535;DHT22;31426;48.798;9.698;2020-05-06T07:09:54;21.50;52.90
45535;DHT22;31426;48.798;9.698;2020-05-06T07:12:20;21.50;52.70
45535;DHT22;31426;48.798;9.698;2020-05-06T07:14:46;21.50;52.50
45535;DHT22;31426;48.798;9.698;2020-05-06T07:17:11;21.50;52.90
45535;DHT22;31426;48.798;9.698;2020-05-06T07:19:37;21.50;52.80
45535;DHT22;31426;48.798;9.698;2020-05-06T07:22:03;21.50;52.70
45535;DHT22;31426;48.798;9.698;2020-05-06T07:24:29;21.50;52.80
45535;DHT22;31426;48.798;9.698;2020-05-06T07:26:54;21.50;52.80
45535;DHT22;31426;48.798;9.698;2020-05-06T07:29:20;21.40;52.90
45535;DHT22;31426;48.798;9.698;2020-05-06T07:31:46;21.40;52.70
45535;DHT22;31426;48.798;9.698;2020-05-06T07:34:11;21.40;52.80
45535;DHT22;31426;48.798;9.698;2020-05-06T07:36:37;21.40;53.00
45535;DHT22;31426;48.798;9.698;2020-05-06T07:39:03;21.40;53.00
45535;DHT22;31426;48.798;9.698;2020-05-06T07:41:32;21.50;53.20
45535;DHT22;31426;48.798;9.698;2020-05-06T07:43:58;21.50;52.80
45535;DHT22;31426;48.798;9.698;2020-05-06T07:46:23;21.40;52.80
45535;DHT22;31426;48.798;9.698;2020-05-06T07:48:49;21.40;53.00
45535;DHT22;31426;48.798;9.698;2020-05-06T07:51:15;21.50;53.00
45535;DHT22;31426;48.798;9.698;2020-05-06T07:53:40;21.50;53.10
45535;DHT22;31426;48.798;9.698;2020-05-06T07:56:09;21.50;52.70
45535;DHT22;31426;48.798;9.698;2020-05-06T07:58:35;21.50;52.80
45535;DHT22;31426;48.798;9.698;2020-05-06T08:01:01;21.50;52.80
45535;DHT22;31426;48.798;9.698;2020-05-06T08:03:26;21.50;53.00
45535;DHT22;31426;48.798;9.698;2020-05-06T08:05:52;21.50;53.00
45535;DHT22;31426;48.798;9.698;2020-05-06T08:08:17;21.60;53.00
45535;DHT22;31426;48.798;9.698;2020-05-06T08:10:43;21.50;52.90
45535;DHT22;31426;48.798;9.698;2020-05-06T08:13:09;21.50;52.90
45535;DHT22;31426;48.798;9.698;2020-05-06T08:15:35;21.60;52.90
45535;DHT22;31426;48.798;9.698;2020-05-06T08:18:00;21.60;52.80
45535;DHT22;31426;48.798;9.698;2020-05-06T08:20:26;21.60;52.70
45535;DHT22;31426;48.798;9.698;2020-05-06T08:22:52;21.60;52.60
45535;DHT22;31426;48.798;9.698;2020-05-06T08:25:17;21.50;52.80
45535;DHT22;31426;48.798;9.698;2020-05-06T08:27:43;21.60;52.90
45535;DHT22;31426;48.798;9.698;2020-05-06T08:30:08;21.60;52.90
45535;DHT22;31426;48.798;9.698;2020-05-06T08:32:34;21.60;52.80
45535;DHT22;31426;48.798;9.698;2020-05-06T08:35:00;21.60;52.70
45535;DHT22;31426;48.798;9.698;2020-05-06T08:37:25;21.50;53.30
45535;DHT22;31426;48.798;9.698;2020-05-06T08:41:36;21.50;53.20
45535;DHT22;31426;48.798;9.698;2020-05-06T08:44:02;21.50;53.20
45535;DHT22;31426;48.798;9.698;2020-05-06T08:46:28;21.50;53.00
45535;DHT22;31426;48.798;9.698;2020-05-06T08:48:53;21.50;52.80
45535;DHT22;31426;48.798;9.698;2020-05-06T08:51:19;21.60;52.80
45535;DHT22;31426;48.798;9.698;2020-05-06T08:53:45;21.50;53.10
45535;DHT22;31426;48.798;9.698;2020-05-06T08:56:11;21.50;53.30
45535;DHT22;31426;48.798;9.698;2020-05-06T08:58:37;21.50;53.20
45535;DHT22;31426;48.798;9.698;2020-05-06T09:01:03;21.50;53.20
45535;DHT22;31426;48.798;9.698;2020-05-06T09:03:29;21.50;53.00
45535;DHT22;31426;48.798;9.698;2020-05-06T09:05:55;21.50;53.10
45535;DHT22;31426;48.798;9.698;2020-05-06T09:08:21;21.60;53.30
45535;DHT22;31426;48.798;9.698;2020-05-06T09:10:46;21.50;53.20
45535;DHT22;31426;48.798;9.698;2020-05-06T09:13:12;21.50;53.30
45535;DHT22;31426;48.798;9.698;2020-05-06T09:15:39;21.60;53.30
45535;DHT22;31426;48.798;9.698;2020-05-06T09:18:23;21.60;53.10
45535;DHT22;31426;48.798;9.698;2020-05-06T09:21:07;21.70;53.00
45535;DHT22;31426;48.798;9.698;2020-05-06T09:23:39;21.70;52.40
45535;DHT22;31426;48.798;9.698;2020-05-06T09:26:25;21.60;52.00
45535;DHT22;31426;48.798;9.698;2020-05-06T09:28:54;21.60;53.10
45535;DHT22;31426;48.798;9.698;2020-05-06T09:31:26;21.60;52.70
45535;DHT22;31426;48.798;9.698;2020-05-06T09:33:54;21.60;53.10
45535;DHT22;31426;48.798;9.698;2020-05-06T09:36:19;21.60;52.10
45535;DHT22;31426;48.798;9.698;2020-05-06T09:38:45;21.50;50.40
45535;DHT22;31426;48.798;9.698;2020-05-06T09:41:11;20.50;43.60
45535;DHT22;31426;48.798;9.698;2020-05-06T09:43:36;19.40;41.80
45535;DHT22;31426;48.798;9.698;2020-05-06T09:46:02;18.70;30.50
45535;DHT22;31426;48.798;9.698;2020-05-06T09:48:28;18.10;28.80
45535;DHT22;31426;48.798;9.698;2020-05-06T09:50:53;18.20;34.70
45535;DHT22;31426;48.798;9.698;2020-05-06T09:53:19;18.20;34.90
45535;DHT22;31426;48.798;9.698;2020-05-06T09:55:51;17.60;36.00
45535;DHT22;31426;48.798;9.698;2020-05-06T09:58:19;18.30;37.50
45535;DHT22;31426;48.798;9.698;2020-05-06T10:00:45;19.00;38.00
45535;DHT22;31426;48.798;9.698;2020-05-06T10:03:10;19.60;38.80
45535;DHT22;31426;48.798;9.698;2020-05-06T10:05:36;20.00;38.60
45535;DHT22;31426;48.798;9.698;2020-05-06T10:08:01;20.30;39.20
45535;DHT22;31426;48.798;9.698;2020-05-06T10:10:28;20.50;39.60
45535;DHT22;31426;48.798;9.698;2020-05-06T10:12:54;20.60;40.00
45535;DHT22;31426;48.798;9.698;2020-05-06T10:15:21;20.70;40.00
45535;DHT22;31426;48.798;9.698;2020-05-06T10:17:49;20.70;40.60
45535;DHT22;31426;48.798;9.698;2020-05-06T10:20:15;20.70;40.80
45535;DHT22;31426;48.798;9.698;2020-05-06T10:22:44;20.80;41.20
45535;DHT22;31426;48.798;9.698;2020-05-06T10:25:12;20.80;42.00
45535;DHT22;31426;48.798;9.698;2020-05-06T10:27:44;20.80;41.90
45535;DHT22;31426;48.798;9.698;2020-05-06T10:30:14;20.80;42.20
45535;DHT22;31426;48.798;9.698;2020-05-06T10:32:48;20.90;42.60
45535;DHT22;31426;48.798;9.698;2020-05-06T10:35:18;20.90;43.00
45535;DHT22;31426;48.798;9.698;2020-05-06T10:37:51;20.90;43.20
45535;DHT22;31426;48.798;9.698;2020-05-06T10:40:19;20.90;43.70
45535;DHT22;31426;48.798;9.698;2020-05-06T10:42:53;20.90;43.80
45535;DHT22;31426;48.798;9.698;2020-05-06T10:45:21;21.00;44.10
45535;DHT22;31426;48.798;9.698;2020-05-06T10:47:48;21.00;38.70
45535;DHT22;31426;48.798;9.698;2020-05-06T10:50:14;21.00;43.00
45535;DHT22;31426;48.798;9.698;2020-05-06T10:55:28;21.10;44.10
45535;DHT22;31426;48.798;9.698;2020-05-06T10:57:55;21.10;44.50
45535;DHT22;31426;48.798;9.698;2020-05-06T11:00:23;21.10;44.50
45535;DHT22;31426;48.798;9.698;2020-05-06T11:02:50;21.10;44.70
45535;DHT22;31426;48.798;9.698;2020-05-06T11:05:23;21.10;44.90
45535;DHT22;31426;48.798;9.698;2020-05-06T11:08:04;21.10;45.00
45535;DHT22;31426;48.798;9.698;2020-05-06T11:10:39;21.10;45.10
45535;DHT22;31426;48.798;9.698;2020-05-06T11:13:11;21.10;45.20
45535;DHT22;31426;48.798;9.698;2020-05-06T11:16:03;21.10;45.30
45535;DHT22;31426;48.798;9.698;2020-05-06T11:18:38;21.10;45.40
45535;DHT22;31426;48.798;9.698;2020-05-06T11:21:07;21.10;45.40
45535;DHT22;31426;48.798;9.698;2020-05-06T11:23:56;21.10;45.50
45535;DHT22;31426;48.798;9.698;2020-05-06T11:26:26;21.10;45.50
45535;DHT22;31426;48.798;9.698;2020-05-06T11:28:54;21.10;45.70
45535;DHT22;31426;48.798;9.698;2020-05-06T11:31:22;21.10;45.70
45535;DHT22;31426;48.798;9.698;2020-05-06T11:34:02;21.10;45.90
45535;DHT22;31426;48.798;9.698;2020-05-06T11:36:47;21.10;46.00
45535;DHT22;31426;48.798;9.698;2020-05-06T11:39:19;21.10;46.00
45535;DHT22;31426;48.798;9.698;2020-05-06T11:41:46;21.10;46.10
45535;DHT22;31426;48.798;9.698;2020-05-06T11:44:15;21.10;46.10
45535;DHT22;31426;48.798;9.698;2020-05-06T11:49:14;21.20;46.30
45535;DHT22;31426;48.798;9.698;2020-05-06T11:51:42;21.20;46.40
45535;DHT22;31426;48.798;9.698;2020-05-06T11:54:09;21.10;46.20
45535;DHT22;31426;48.798;9.698;2020-05-06T11:56:35;21.10;46.40
45535;DHT22;31426;48.798;9.698;2020-05-06T11:59:03;21.10;46.60
45535;DHT22;31426;48.798;9.698;2020-05-06T12:01:37;21.10;46.60
45535;DHT22;31426;48.798;9.698;2020-05-06T12:04:08;21.10;46.60
45535;DHT22;31426;48.798;9.698;2020-05-06T12:06:40;21.10;46.80
45535;DHT22;31426;48.798;9.698;2020-05-06T12:09:06;21.10;46.80
45535;DHT22;31426;48.798;9.698;2020-05-06T12:11:34;21.10;46.80
45535;DHT22;31426;48.798;9.698;2020-05-06T12:14:02;21.10;46.60
45535;DHT22;31426;48.798;9.698;2020-05-06T12:16:29;21.10;47.00
45535;DHT22;31426;48.798;9.698;2020-05-06T12:19:00;21.10;47.00
45535;DHT22;31426;48.798;9.698;2020-05-06T12:21:29;21.10;47.10
45535;DHT22;31426;48.798;9.698;2020-05-06T12:23:58;21.20;47.10
45535;DHT22;31426;48.798;9.698;2020-05-06T12:26:43;21.10;47.20
45535;DHT22;31426;48.798;9.698;2020-05-06T12:29:33;21.20;47.60
45535;DHT22;31426;48.798;9.698;2020-05-06T12:32:02;21.20;47.60
45535;DHT22;31426;48.798;9.698;2020-05-06T12:34:28;21.30;47.50
45535;DHT22;31426;48.798;9.698;2020-05-06T12:36:54;21.20;45.80
45535;DHT22;31426;48.798;9.698;2020-05-06T12:39:20;21.20;47.50
45535;DHT22;31426;48.798;9.698;2020-05-06T12:41:45;21.20;47.60
45535;DHT22;31426;48.798;9.698;2020-05-06T12:44:12;21.20;47.90
45535;DHT22;31426;48.798;9.698;2020-05-06T12:46:37;21.30;47.70
45535;DHT22;31426;48.798;9.698;2020-05-06T12:49:21;21.30;47.80
45535;DHT22;31426;48.798;9.698;2020-05-06T12:51:55;21.30;48.10
45535;DHT22;31426;48.798;9.698;2020-05-06T12:54:24;21.30;48.20
45535;DHT22;31426;48.798;9.698;2020-05-06T12:56:55;21.30;48.50
45535;DHT22;31426;48.798;9.698;2020-05-06T12:59:21;21.40;48.50
45535;DHT22;31426;48.798;9.698;2020-05-06T13:01:47;21.40;48.80
45535;DHT22;31426;48.798;9.698;2020-05-06T13:04:12;21.40;48.90
45535;DHT22;31426;48.798;9.698;2020-05-06T13:06:38;21.40;48.60
45535;DHT22;31426;48.798;9.698;2020-05-06T13:09:14;21.40;48.90
45535;DHT22;31426;48.798;9.698;2020-05-06T13:11:40;21.40;49.00
45535;DHT22;31426;48.798;9.698;2020-05-06T13:14:06;21.40;48.90
45535;DHT22;31426;48.798;9.698;2020-05-06T13:16:31;21.40;48.70
45535;DHT22;31426;48.798;9.698;2020-05-06T13:18:57;21.40;49.90
45535;DHT22;31426;48.798;9.698;2020-05-06T13:21:22;21.40;49.10
45535;DHT22;31426;48.798;9.698;2020-05-06T13:23:48;21.40;48.90
45535;DHT22;31426;48.798;9.698;2020-05-06T13:26:14;21.40;49.00
45535;DHT22;31426;48.798;9.698;2020-05-06T13:28:40;21.40;49.00
45535;DHT22;31426;48.798;9.698;2020-05-06T13:31:06;21.40;49.20
45535;DHT22;31426;48.798;9.698;2020-05-06T13:33:33;21.40;49.20
45535;DHT22;31426;48.798;9.698;2020-05-06T13:35:58;21.40;49.30
45535;DHT22;31426;48.798;9.698;2020-05-06T13:38:25;21.40;49.20
45535;DHT22;31426;48.798;9.698;2020-05-06T13:40:51;21.40;49.30
45535;DHT22;31426;48.798;9.698;2020-05-06T13:43:17;21.40;49.60
45535;DHT22;31426;48.798;9.698;2020-05-06T13:45:43;21.40;49.50
45535;DHT22;31426;48.798;9.698;2020-05-06T13:48:08;21.40;49.40
45535;DHT22;31426;48.798;9.698;2020-05-06T13:50:34;21.50;49.50
45535;DHT22;31426;48.798;9.698;2020-05-06T13:53:00;21.50;49.60
45535;DHT22;31426;48.798;9.698;2020-05-06T13:55:25;21.40;49.50
45535;DHT22;31426;48.798;9.698;2020-05-06T13:57:51;21.40;49.50
45535;DHT22;31426;48.798;9.698;2020-05-06T14:00:17;21.50;49.70
45535;DHT22;31426;48.798;9.698;2020-05-06T14:02:42;21.50;49.50
45535;DHT22;31426;48.798;9.698;2020-05-06T14:05:08;21.40;49.50
45535;DHT22;31426;48.798;9.698;2020-05-06T14:07:34;21.50;49.70
45535;DHT22;31426;48.798;9.698;2020-05-06T14:10:00;21.40;49.60
45535;DHT22;31426;48.798;9.698;2020-05-06T14:12:26;21.50;49.60
45535;DHT22;31426;48.798;9.698;2020-05-06T14:14:51;21.50;49.60
45535;DHT22;31426;48.798;9.698;2020-05-06T14:17:17;21.50;49.60
45535;DHT22;31426;48.798;9.698;2020-05-06T14:19:42;21.50;49.60
45535;DHT22;31426;48.798;9.698;2020-05-06T14:22:08;21.50;49.80
45535;DHT22;31426;48.798;9.698;2020-05-06T14:24:55;21.50;49.50
45535;DHT22;31426;48.798;9.698;2020-05-06T14:27:21;21.50;49.70
45535;DHT22;31426;48.798;9.698;2020-05-06T14:29:47;21.50;49.60
45535;DHT22;31426;48.798;9.698;2020-05-06T14:32:13;21.50;49.70
45535;DHT22;31426;48.798;9.698;2020-05-06T14:34:39;21.50;50.60
45535;DHT22;31426;48.798;9.698;2020-05-06T14:37:05;21.50;49.80
45535;DHT22;31426;48.798;9.698;2020-05-06T14:39:31;21.50;50.00
45535;DHT22;31426;48.798;9.698;2020-05-06T14:41:58;21.40;49.80
45535;DHT22;31426;48.798;9.698;2020-05-06T14:44:24;21.50;49.70
45535;DHT22;31426;48.798;9.698;2020-05-06T14:46:50;21.50;49.70
45535;DHT22;31426;48.798;9.698;2020-05-06T14:49:16;21.50;49.90
45535;DHT22;31426;48.798;9.698;2020-05-06T14:51:42;21.50;49.90
45535;DHT22;31426;48.798;9.698;2020-05-06T14:54:07;21.50;49.70
45535;DHT22;31426;48.798;9.698;2020-05-06T14:56:33;21.50;49.80
45535;DHT22;31426;48.798;9.698;2020-05-06T14:58:59;21.50;49.80
45535;DHT22;31426;48.798;9.698;2020-05-06T15:01:24;21.60;49.90
45535;DHT22;31426;48.798;9.698;2020-05-06T15:03:50;21.60;49.80
45535;DHT22;31426;48.798;9.698;2020-05-06T15:06:16;21.50;49.90
45535;DHT22;31426;48.798;9.698;2020-05-06T15:08:42;21.50;50.00
45535;DHT22;31426;48.798;9.698;2020-05-06T15:11:08;21.50;50.00
45535;DHT22;31426;48.798;9.698;2020-05-06T15:13:33;21.50;50.10
45535;DHT22;31426;48.798;9.698;2020-05-06T15:15:59;21.50;50.10
45535;DHT22;31426;48.798;9.698;2020-05-06T15:18:25;21.50;50.20
45535;DHT22;31426;48.798;9.698;2020-05-06T15:20:50;21.60;50.10
45535;DHT22;31426;48.798;9.698;2020-05-06T15:23:16;21.50;50.00
45535;DHT22;31426;48.798;9.698;2020-05-06T15:25:41;21.60;50.10
45535;DHT22;31426;48.798;9.698;2020-05-06T15:28:07;21.60;50.00
45535;DHT22;31426;48.798;9.698;2020-05-06T15:30:33;21.60;50.00
45535;DHT22;31426;48.798;9.698;2020-05-06T15:32:58;21.70;50.00
45535;DHT22;31426;48.798;9.698;2020-05-06T15:35:24;21.60;50.00
45535;DHT22;31426;48.798;9.698;2020-05-06T15:37:49;21.70;50.00
45535;DHT22;31426;48.798;9.698;2020-05-06T15:40:15;21.70;49.90
45535;DHT22;31426;48.798;9.698;2020-05-06T15:42:41;21.70;50.00
45535;DHT22;31426;48.798;9.698;2020-05-06T15:45:06;21.60;50.10
45535;DHT22;31426;48.798;9.698;2020-05-06T15:47:32;21.70;50.10
45535;DHT22;31426;48.798;9.698;2020-05-06T15:49:58;21.70;50.00
45535;DHT22;31426;48.798;9.698;2020-05-06T15:52:23;21.80;49.80
45535;DHT22;31426;48.798;9.698;2020-05-06T15:54:49;21.90;49.50
45535;DHT22;31426;48.798;9.698;2020-05-06T15:57:14;22.00;49.10
45535;DHT22;31426;48.798;9.698;2020-05-06T15:59:40;22.00;49.10
45535;DHT22;31426;48.798;9.698;2020-05-06T16:02:06;22.00;49.20
45535;DHT22;31426;48.798;9.698;2020-05-06T16:04:31;21.90;49.40
45535;DHT22;31426;48.798;9.698;2020-05-06T16:06:57;21.80;49.60
45535;DHT22;31426;48.798;9.698;2020-05-06T16:09:23;21.80;49.80
45535;DHT22;31426;48.798;9.698;2020-05-06T16:11:50;21.80;49.90
45535;DHT22;31426;48.798;9.698;2020-05-06T16:14:16;21.70;49.90
45535;DHT22;31426;48.798;9.698;2020-05-06T16:16:41;21.80;50.00
45535;DHT22;31426;48.798;9.698;2020-05-06T16:19:07;21.70;50.10
45535;DHT22;31426;48.798;9.698;2020-05-06T16:21:33;21.80;50.10
45535;DHT22;31426;48.798;9.698;2020-05-06T16:23:58;21.70;50.10
45535;DHT22;31426;48.798;9.698;2020-05-06T16:26:24;21.70;50.20
45535;DHT22;31426;48.798;9.698;2020-05-06T16:28:50;21.70;50.20
45535;DHT22;31426;48.798;9.698;2020-05-06T16:31:15;21.70;50.30
45535;DHT22;31426;48.798;9.698;2020-05-06T16:34:00;21.60;50.20
45535;DHT22;31426;48.798;9.698;2020-05-06T16:36:29;21.70;50.30
45535;DHT22;31426;48.798;9.698;2020-05-06T16:39:05;21.70;50.20
45535;DHT22;31426;48.798;9.698;2020-05-06T16:41:32;21.70;50.30
45535;DHT22;31426;48.798;9.698;2020-05-06T16:43:58;21.70;50.20
45535;DHT22;31426;48.798;9.698;2020-05-06T16:46:23;21.70;50.20
45535;DHT22;31426;48.798;9.698;2020-05-06T16:48:49;21.60;50.30
45535;DHT22;31426;48.798;9.698;2020-05-06T16:51:15;21.60;50.50
45535;DHT22;31426;48.798;9.698;2020-05-06T16:53:40;21.60;50.00
45535;DHT22;31426;48.798;9.698;2020-05-06T16:56:06;21.70;50.30
45535;DHT22;31426;48.798;9.698;2020-05-06T16:58:31;21.70;50.30
45535;DHT22;31426;48.798;9.698;2020-05-06T17:00:57;21.70;50.40
45535;DHT22;31426;48.798;9.698;2020-05-06T17:03:23;21.70;50.50
45535;DHT22;31426;48.798;9.698;2020-05-06T17:05:48;21.80;50.60
45535;DHT22;31426;48.798;9.698;2020-05-06T17:08:14;21.80;50.10
45535;DHT22;31426;48.798;9.698;2020-05-06T17:11:01;21.80;50.20
45535;DHT22;31426;48.798;9.698;2020-05-06T17:13:27;21.80;50.30
45535;DHT22;31426;48.798;9.698;2020-05-06T17:15:53;21.80;50.20
45535;DHT22;31426;48.798;9.698;2020-05-06T17:18:18;21.80;50.30
45535;DHT22;31426;48.798;9.698;2020-05-06T17:20:44;21.80;50.10
45535;DHT22;31426;48.798;9.698;2020-05-06T17:23:10;21.90;50.30
45535;DHT22;31426;48.798;9.698;2020-05-06T17:25:35;21.80;50.20
45535;DHT22;31426;48.798;9.698;2020-05-06T17:28:20;21.90;50.60
45535;DHT22;31426;48.798;9.698;2020-05-06T17:30:57;21.90;50.30
45535;DHT22;31426;48.798;9.698;2020-05-06T17:33:29;21.80;50.20
45535;DHT22;31426;48.798;9.698;2020-05-06T17:36:13;21.80;50.30
45535;DHT22;31426;48.798;9.698;2020-05-06T17:38:40;21.90;50.60
45535;DHT22;31426;48.798;9.698;2020-05-06T17:41:06;21.90;50.60
45535;DHT22;31426;48.798;9.698;2020-05-06T17:43:32;21.80;50.70
45535;DHT22;31426;48.798;9.698;2020-05-06T17:45:57;21.80;51.30
45535;DHT22;31426;48.798;9.698;2020-05-06T17:48:23;21.80;51.40
45535;DHT22;31426;48.798;9.698;2020-05-06T17:50:49;21.80;51.40
45535;DHT22;31426;48.798;9.698;2020-05-06T17:53:14;21.80;51.60
45535;DHT22;31426;48.798;9.698;2020-05-06T17:55:40;21.80;51.50
45535;DHT22;31426;48.798;9.698;2020-05-06T17:58:06;21.80;51.60
45535;DHT22;31426;48.798;9.698;2020-05-06T18:00:31;21.80;50.50
45535;DHT22;31426;48.798;9.698;2020-05-06T18:02:57;20.90;32.20
45535;DHT22;31426;48.798;9.698;2020-05-06T18:05:25;20.40;33.30
45535;DHT22;31426;48.798;9.698;2020-05-06T18:07:52;19.90;31.40
45535;DHT22;31426;48.798;9.698;2020-05-06T18:10:18;19.60;30.00
45535;DHT22;31426;48.798;9.698;2020-05-06T18:12:43;19.30;30.00
45535;DHT22;31426;48.798;9.698;2020-05-06T18:15:09;19.20;31.00
45535;DHT22;31426;48.798;9.698;2020-05-06T18:17:35;19.40;32.90
45535;DHT22;31426;48.798;9.698;2020-05-06T18:20:00;19.60;32.30
45535;DHT22;31426;48.798;9.698;2020-05-06T18:22:26;19.50;31.50
45535;DHT22;31426;48.798;9.698;2020-05-06T18:24:52;19.40;32.70
45535;DHT22;31426;48.798;9.698;2020-05-06T18:27:17;19.50;31.90
45535;DHT22;31426;48.798;9.698;2020-05-06T18:29:43;19.10;31.10
45535;DHT22;31426;48.798;9.698;2020-05-06T18:32:09;19.10;33.40
45535;DHT22;31426;48.798;9.698;2020-05-06T18:34:34;18.90;35.10
45535;DHT22;31426;48.798;9.698;2020-05-06T18:37:00;18.90;35.20
45535;DHT22;31426;48.798;9.698;2020-05-06T18:39:25;19.10;35.60
45535;DHT22;31426;48.798;9.698;2020-05-06T18:41:51;19.20;37.30
45535;DHT22;31426;48.798;9.698;2020-05-06T18:44:17;18.70;37.70
45535;DHT22;31426;48.798;9.698;2020-05-06T18:46:43;18.50;38.90
45535;DHT22;31426;48.798;9.698;2020-05-06T18:49:09;19.00;40.10
45535;DHT22;31426;48.798;9.698;2020-05-06T18:51:35;19.50;38.80
45535;DHT22;31426;48.798;9.698;2020-05-06T18:54:01;19.90;38.70
45535;DHT22;31426;48.798;9.698;2020-05-06T18:56:26;20.20;39.10
45535;DHT22;31426;48.798;9.698;2020-05-06T18:58:52;20.40;39.20
45535;DHT22;31426;48.798;9.698;2020-05-06T19:01:18;20.50;39.50
45535;DHT22;31426;48.798;9.698;2020-05-06T19:03:43;20.60;39.60
45535;DHT22;31426;48.798;9.698;2020-05-06T19:06:09;20.70;39.90
45535;DHT22;31426;48.798;9.698;2020-05-06T19:08:35;20.80;40.20
45535;DHT22;31426;48.798;9.698;2020-05-06T19:11:00;20.80;40.60
45535;DHT22;31426;48.798;9.698;2020-05-06T19:13:26;20.80;40.90
45535;DHT22;31426;48.798;9.698;2020-05-06T19:15:52;20.90;41.20
45535;DHT22;31426;48.798;9.698;2020-05-06T19:18:18;21.00;41.30
45535;DHT22;31426;48.798;9.698;2020-05-06T19:20:43;20.90;41.60
45535;DHT22;31426;48.798;9.698;2020-05-06T19:23:09;21.00;41.90
45535;DHT22;31426;48.798;9.698;2020-05-06T19:25:35;21.00;42.10
45535;DHT22;31426;48.798;9.698;2020-05-06T19:28:00;21.00;42.20
45535;DHT22;31426;48.798;9.698;2020-05-06T19:30:26;21.00;42.40
45535;DHT22;31426;48.798;9.698;2020-05-06T19:32:52;21.10;42.70
45535;DHT22;31426;48.798;9.698;2020-05-06T19:35:18;21.10;42.90
45535;DHT22;31426;48.798;9.698;2020-05-06T19:37:44;21.10;43.00
45535;DHT22;31426;48.798;9.698;2020-05-06T19:42:44;21.10;43.30
45535;DHT22;31426;48.798;9.698;2020-05-06T19:45:11;21.20;43.40
45535;DHT22;31426;48.798;9.698;2020-05-06T19:47:38;21.20;43.40
45535;DHT22;31426;48.798;9.698;2020-05-06T19:50:04;21.20;43.60
45535;DHT22;31426;48.798;9.698;2020-05-06T19:52:30;21.20;43.70
45535;DHT22;31426;48.798;9.698;2020-05-06T19:54:56;21.20;43.90
45535;DHT22;31426;48.798;9.698;2020-05-06T19:57:21;21.20;44.00
45535;DHT22;31426;48.798;9.698;2020-05-06T19:59:47;21.20;44.10
45535;DHT22;31426;48.798;9.698;2020-05-06T20:02:13;21.20;44.20
45535;DHT22;31426;48.798;9.698;2020-05-06T20:04:39;21.20;44.30
45535;DHT22;31426;48.798;9.698;2020-05-06T20:07:04;21.20;44.30
45535;DHT22;31426;48.798;9.698;2020-05-06T20:09:41;21.20;44.50
45535;DHT22;31426;48.798;9.698;2020-05-06T20:12:08;21.30;44.70
45535;DHT22;31426;48.798;9.698;2020-05-06T20:14:34;21.30;44.50
45535;DHT22;31426;48.798;9.698;2020-05-06T20:17:02;21.30;44.60
45535;DHT22;31426;48.798;9.698;2020-05-06T20:19:28;21.30;44.80
45535;DHT22;31426;48.798;9.698;2020-05-06T20:21:55;21.30;44.90
45535;DHT22;31426;48.798;9.698;2020-05-06T20:24:20;21.30;44.90
45535;DHT22;31426;48.798;9.698;2020-05-06T20:26:46;21.30;45.10
45535;DHT22;31426;48.798;9.698;2020-05-06T20:29:12;21.30;45.20
45535;DHT22;31426;48.798;9.698;2020-05-06T20:31:38;21.30;45.40
45535;DHT22;31426;48.798;9.698;2020-05-06T20:34:04;21.40;45.20
45535;DHT22;31426;48.798;9.698;2020-05-06T20:36:29;21.40;45.10
45535;DHT22;31426;48.798;9.698;2020-05-06T20:38:55;21.50;45.20
45535;DHT22;31426;48.798;9.698;2020-05-06T20:41:21;21.40;45.20
45535;DHT22;31426;48.798;9.698;2020-05-06T20:43:46;21.40;45.40
45535;DHT22;31426;48.798;9.698;2020-05-06T20:46:12;21.40;45.50
45535;DHT22;31426;48.798;9.698;2020-05-06T20:48:38;21.40;45.90
45535;DHT22;31426;48.798;9.698;2020-05-06T20:51:03;21.40;45.90
45535;DHT22;31426;48.798;9.698;2020-05-06T20:53:29;21.30;46.00
45535;DHT22;31426;48.798;9.698;2020-05-06T20:55:55;21.40;46.20
45535;DHT22;31426;48.798;9.698;2020-05-06T20:58:21;21.30;46.20
45535;DHT22;31426;48.798;9.698;2020-05-06T21:00:46;21.30;46.30
45535;DHT22;31426;48.798;9.698;2020-05-06T21:03:12;21.30;46.30
45535;DHT22;31426;48.798;9.698;2020-05-06T21:05:37;21.40;46.40
45535;DHT22;31426;48.798;9.698;2020-05-06T21:08:09;21.40;46.50
45535;DHT22;31426;48.798;9.698;2020-05-06T21:10:48;21.40;46.80
45535;DHT22;31426;48.798;9.698;2020-05-06T21:13:14;21.30;46.60
45535;DHT22;31426;48.798;9.698;2020-05-06T21:15:40;21.30;46.60
45535;DHT22;31426;48.798;9.698;2020-05-06T21:18:06;21.30;46.80
45535;DHT22;31426;48.798;9.698;2020-05-06T21:20:32;21.30;46.90
45535;DHT22;31426;48.798;9.698;2020-05-06T21:22:57;21.30;46.90
45535;DHT22;31426;48.798;9.698;2020-05-06T21:25:25;21.30;47.00
45535;DHT22;31426;48.798;9.698;2020-05-06T21:27:53;21.30;47.20
45535;DHT22;31426;48.798;9.698;2020-05-06T21:30:21;21.30;47.30
45535;DHT22;31426;48.798;9.698;2020-05-06T21:32:48;21.30;47.30
45535;DHT22;31426;48.798;9.698;2020-05-06T21:35:14;21.30;47.40
45535;DHT22;31426;48.798;9.698;2020-05-06T21:37:42;21.30;47.40
45535;DHT22;31426;48.798;9.698;2020-05-06T21:40:18;21.30;47.60
45535;DHT22;31426;48.798;9.698;2020-05-06T21:42:44;21.30;47.70
45535;DHT22;31426;48.798;9.698;2020-05-06T21:45:10;21.30;47.70
45535;DHT22;31426;48.798;9.698;2020-05-06T21:47:37;21.20;47.80
45535;DHT22;31426;48.798;9.698;2020-05-06T21:50:03;21.20;47.80
45535;DHT22;31426;48.798;9.698;2020-05-06T21:52:29;21.30;47.80
45535;DHT22;31426;48.798;9.698;2020-05-06T21:54:55;21.30;47.90
45535;DHT22;31426;48.798;9.698;2020-05-06T21:57:20;21.30;47.90
45535;DHT22;31426;48.798;9.698;2020-05-06T21:59:46;21.30;48.00
45535;DHT22;31426;48.798;9.698;2020-05-06T22:02:11;21.30;48.00
45535;DHT22;31426;48.798;9.698;2020-05-06T22:04:47;21.20;48.00
45535;DHT22;31426;48.798;9.698;2020-05-06T22:07:42;21.30;48.00
45535;DHT22;31426;48.798;9.698;2020-05-06T22:10:09;21.30;48.20
45535;DHT22;31426;48.798;9.698;2020-05-06T22:12:34;21.20;48.10
45535;DHT22;31426;48.798;9.698;2020-05-06T22:15:00;21.30;48.40
45535;DHT22;31426;48.798;9.698;2020-05-06T22:17:26;21.30;48.30
45535;DHT22;31426;48.798;9.698;2020-05-06T22:19:51;21.20;48.40
45535;DHT22;31426;48.798;9.698;2020-05-06T22:22:17;21.20;48.40
45535;DHT22;31426;48.798;9.698;2020-05-06T22:24:42;21.20;48.40
45535;DHT22;31426;48.798;9.698;2020-05-06T22:27:08;21.20;48.60
45535;DHT22;31426;48.798;9.698;2020-05-06T22:29:34;21.20;48.30
45535;DHT22;31426;48.798;9.698;2020-05-06T22:31:59;21.20;48.30
45535;DHT22;31426;48.798;9.698;2020-05-06T22:34:25;21.20;48.50
45535;DHT22;31426;48.798;9.698;2020-05-06T22:36:50;21.20;48.50
45535;DHT22;31426;48.798;9.698;2020-05-06T22:39:20;21.20;48.40
45535;DHT22;31426;48.798;9.698;2020-05-06T22:41:47;21.20;48.50
45535;DHT22;31426;48.798;9.698;2020-05-06T22:44:13;21.20;48.60
45535;DHT22;31426;48.798;9.698;2020-05-06T22:46:38;21.20;48.70
45535;DHT22;31426;48.798;9.698;2020-05-06T22:49:04;21.20;48.70
45535;DHT22;31426;48.798;9.698;2020-05-06T22:51:30;21.20;48.50
45535;DHT22;31426;48.798;9.698;2020-05-06T22:53:55;21.10;48.50
45535;DHT22;31426;48.798;9.698;2020-05-06T22:56:21;21.20;48.60
45535;DHT22;31426;48.798;9.698;2020-05-06T22:58:46;21.10;48.60
45535;DHT22;31426;48.798;9.698;2020-05-06T23:01:12;21.10;48.60
45535;DHT22;31426;48.798;9.698;2020-05-06T23:03:38;21.10;48.60
45535;DHT22;31426;48.798;9.698;2020-05-06T23:06:03;21.10;48.80
45535;DHT22;31426;48.798;9.698;2020-05-06T23:08:29;21.10;48.90
45535;DHT22;31426;48.798;9.698;2020-05-06T23:10:54;21.10;48.80
45535;DHT22;31426;48.798;9.698;2020-05-06T23:13:20;21.10;48.80
45535;DHT22;31426;48.798;9.698;2020-05-06T23:15:46;21.10;48.90
45535;DHT22;31426;48.798;9.698;2020-05-06T23:18:11;21.10;49.00
45535;DHT22;31426;48.798;9.698;2020-05-06T23:20:37;21.10;49.00
45535;DHT22;31426;48.798;9.698;2020-05-06T23:23:02;21.10;49.00
45535;DHT22;31426;48.798;9.698;2020-05-06T23:25:28;21.10;49.10
45535;DHT22;31426;48.798;9.698;2020-05-06T23:27:54;21.10;49.00
45535;DHT22;31426;48.798;9.698;2020-05-06T23:30:19;21.10;49.00
45535;DHT22;31426;48.798;9.698;2020-05-06T23:32:45;21.10;49.20
45535;DHT22;31426;48.798;9.698;2020-05-06T23:35:10;21.00;49.10
45535;DHT22;31426;48.798;9.698;2020-05-06T23:37:36;21.00;49.00
45535;DHT22;31426;48.798;9.698;2020-05-06T23:40:02;21.00;49.00
45535;DHT22;31426;48.798;9.698;2020-05-06T23:42:28;21.10;48.90
45535;DHT22;31426;48.798;9.698;2020-05-06T23:44:53;21.00;49.10
45535;DHT22;31426;48.798;9.698;2020-05-06T23:47:19;21.00;49.10
45535;DHT22;31426;48.798;9.698;2020-05-06T23:49:45;21.00;49.10
45535;DHT22;31426;48.798;9.698;2020-05-06T23:52:10;21.00;49.10
45535;DHT22;31426;48.798;9.698;2020-05-06T23:54:36;21.00;50.10
45535;DHT22;31426;48.798;9.698;2020-05-06T23:57:01;21.10;49.40
45535;DHT22;31426;48.798;9.698;2020-05-06T23:59:27;21.00;49.30
